{
  "_total": {
    "total_queries": 982
  },
  "_no_match": {
    "total_queries": 859
  },
  "negative_inference": {
    "total_matches": 86,
    "grounded_responses": 86,
    "failed_responses": 0,
    "total_latency_ms": 710.1058959960938,
    "distances": [
      0.3656504154205322,
      0.17680388689041138,
      0.2591586709022522,
      0.3656504154205322,
      0.17680388689041138,
      0.2591586709022522,
      0.3656504154205322,
      0.17680388689041138,
      0.2591586709022522,
      0.27429473400115967,
      0.3656504154205322,
      0.17680388689041138,
      0.2591586709022522,
      0.3656504154205322,
      0.17680388689041138,
      0.2591586709022522,
      0.17680388689041138,
      0.17680388689041138,
      0.3656504154205322,
      0.17680388689041138,
      0.2591586709022522,
      0.27429473400115967,
      0.3656504154205322,
      0.17680388689041138,
      0.2591586709022522,
      0.3656504154205322,
      0.17680388689041138,
      0.3656504154205322,
      0.1768038272857666,
      0.2591586709022522,
      0.36565035581588745,
      0.3656504154205322,
      0.1768038272857666,
      0.2591586709022522,
      0.1768038272857666,
      0.1768038272857666,
      0.27429473400115967,
      0.1768038272857666,
      0.1768038272857666,
      0.2641573309898376,
      0.3656504154205322,
      0.27429473400115967,
      0.19154092669487,
      0.1768038272857666,
      0.2113258647918701,
      0.19154092669487,
      0.18521980047225953,
      0.1768038272857666,
      0.1768038272857666,
      0.2113258647918701,
      0.19154092669487,
      0.18521980047225953,
      0.1768038272857666,
      0.1768038272857666,
      0.2113258647918701,
      0.19154092669487,
      0.1768038272857666,
      0.1768038272857666,
      0.19154092669487,
      0.1768038272857666,
      0.1768038272857666,
      0.2113258647918701,
      0.1768038272857666,
      0.1768038272857666,
      0.2113258647918701,
      0.18521980047225953,
      0.1768038272857666,
      0.1768038272857666,
      0.19154092669487,
      0.18521980047225953,
      0.2113258647918701,
      0.19154092669487,
      0.18521980047225953,
      0.1768038272857666,
      0.2113258647918701,
      0.18521980047225953,
      0.19154092669487,
      0.138925302028656,
      0.1768038272857666,
      0.1768038272857666,
      0.16241025924682617,
      0.19154092669487,
      0.1768038272857666,
      0.16241025924682617,
      0.19154092669487,
      0.138925302028656
    ],
    "last_updated": "2025-12-19T23:18:19.395580"
  },
  "abbreviation_expansion": {
    "total_matches": 2,
    "grounded_responses": 2,
    "failed_responses": 0,
    "total_latency_ms": 24.073123931884766,
    "distances": [
      0.3271501064300537,
      0.33891069889068604
    ],
    "last_updated": "2025-12-13T02:54:49.469929"
  },
  "course_query_targeting": {
    "total_matches": 35,
    "grounded_responses": 35,
    "failed_responses": 0,
    "total_latency_ms": 313.4112358093262,
    "distances": [
      0.28181129693984985,
      0.2970091700553894,
      0.28181129693984985,
      0.2970091700553894,
      0.28181129693984985,
      0.2970091700553894,
      0.28181129693984985,
      0.2970091700553894,
      0.28181129693984985,
      0.2970091700553894,
      0.28181129693984985,
      0.2970091700553894,
      0.28181129693984985,
      0.2818114161491394,
      0.2970091700553894,
      0.2818114161491394,
      0.2970091700553894,
      0.2449779510498047,
      0.2449779510498047,
      0.12248897552490234,
      0.12248897552490234,
      0.12248897552490234,
      0.12248897552490234,
      0.12248897552490234,
      0.12248897552490234,
      0.12248897552490234,
      0.12248897552490234,
      0.12248897552490234,
      0.12248897552490234,
      0.12248897552490234,
      0.11932504177093506,
      0.11932504177093506,
      0.11932504177093506,
      0.11866980791091919,
      0.11866980791091919
    ],
    "last_updated": "2025-12-21T03:44:42.501409"
  }
}
